{"cameraMode":{"drawMode":0,"name":"Shaded","section":"Shading Mode"},"sceneLighting":true,"audioPlay":false,"sceneViewState":{"showFog":false,"showMaterialUpdate":false,"showSkybox":false,"showFlares":false,"showImageEffects":false,"showParticleSystems":false},"in2DMode":false,"pivot":{"x":2.1396870613098146,"y":1.1833785772323609,"z":4.633327484130859},"rotation":{"x":-0.10237040370702744,"y":0.8895920515060425,"z":-0.24506206810474397,"w":-0.3716118037700653},"size":1.5754005908966065,"orthographic":false}