{"cameraMode":{"drawMode":0,"name":"Shaded","section":"Shading Mode"},"sceneLighting":true,"audioPlay":false,"sceneViewState":{"showFog":false,"showMaterialUpdate":false,"showSkybox":false,"showFlares":false,"showImageEffects":false,"showParticleSystems":false},"in2DMode":false,"pivot":{"x":-5.153351783752441,"y":-5.587959289550781,"z":-3.0461344718933107},"rotation":{"x":-0.16903333365917207,"y":0.8207116723060608,"z":-0.3078034818172455,"w":-0.45070233941078188},"size":10.695812225341797,"orthographic":false}